id,status
0000.JPG,0
0001.JPG,0
0002.JPG,0
0003.JPG,0
0004.JPG,0
0005.JPG,0
0006.JPG,0
0007.JPG,0
0008.JPG,0
0009.JPG,0
0010.JPG,0
0011.JPG,0
0012.JPG,0
0013.JPG,0
0014.JPG,0
0015.JPG,0
0016.JPG,0
0017.JPG,0
0018.JPG,0
0019.JPG,0
0020.JPG,0
0021.JPG,0
0022.JPG,0
0023.JPG,0
0024.JPG,0
0025.JPG,0
0026.JPG,0
0027.JPG,0
0028.JPG,0
0029.JPG,0
0030.JPG,0
0031.JPG,0
0032.JPG,0
0033.JPG,0
0034.JPG,0
0035.JPG,0
0036.JPG,0
0037.JPG,0
0038.JPG,0
0039.JPG,0
0040.JPG,0
0041.JPG,0
0042.JPG,0
0043.JPG,0
0044.JPG,0
0045.JPG,0
0046.JPG,0
0047.JPG,0
0048.JPG,0
0049.JPG,0
0050.JPG,0
0051.JPG,0
0052.JPG,0
0053.JPG,0
0054.JPG,0
0055.JPG,0
0056.JPG,0
0057.JPG,0
0058.JPG,0
0059.JPG,0
0060.JPG,0
0061.JPG,0
0062.JPG,0
0063.JPG,0
0064.JPG,0
0065.JPG,0
0066.JPG,0
0067.JPG,0
0068.JPG,0
0069.JPG,0
0070.JPG,0
0071.JPG,0
0072.JPG,0
0073.JPG,0
0074.JPG,0
0075.JPG,0
0076.JPG,0
0077.JPG,0
0078.JPG,0
0079.JPG,0
0080.JPG,0
0081.JPG,0
0082.JPG,0
0083.JPG,0
0084.JPG,0
0085.JPG,0
0086.JPG,0
0087.JPG,0
0088.JPG,0
0089.JPG,0
0090.JPG,0
0091.JPG,0
0092.JPG,0
0093.JPG,0
0094.JPG,0
0095.JPG,0
0096.JPG,0
0097.JPG,0
0098.JPG,0
0099.JPG,0
0100.JPG,2
0101.JPG,2
0102.JPG,2
0103.JPG,2
0104.JPG,2
0105.JPG,2
0106.JPG,2
0107.JPG,2
0108.JPG,2
0109.JPG,2
0110.JPG,2
0111.JPG,2
0112.JPG,2
0113.JPG,2
0114.JPG,2
0115.JPG,2
0116.JPG,2
0117.JPG,2
0118.JPG,2
0119.JPG,2
0120.JPG,2
0121.JPG,2
0122.JPG,2
0123.JPG,2
0124.JPG,2
0125.JPG,2
0126.JPG,2
0127.JPG,2
0128.JPG,2
0129.JPG,2
0130.JPG,2
0131.JPG,2
0132.JPG,2
0133.JPG,2
0134.JPG,2
0135.JPG,2
0136.JPG,2
0137.JPG,2
0138.JPG,2
0139.JPG,2
0140.JPG,2
0141.JPG,2
0142.JPG,2
0143.JPG,2
0144.JPG,2
0145.JPG,2
0146.JPG,2
0147.JPG,2
0148.JPG,2
0149.JPG,2
0150.JPG,2
0151.JPG,2
0152.JPG,2
0153.JPG,2
0154.JPG,2
0155.JPG,2
0156.JPG,2
0157.JPG,2
0158.JPG,2
0159.JPG,2
0160.JPG,2
0161.JPG,2
0162.JPG,2
0163.JPG,2
0164.JPG,2
0165.JPG,2
0166.JPG,2
0167.JPG,2
0168.JPG,2
0169.JPG,2
0170.JPG,2
0171.JPG,2
0172.JPG,2
0173.JPG,2
0174.JPG,2
0175.JPG,2
0176.JPG,2
0177.JPG,2
0178.JPG,2
0179.JPG,2
0180.JPG,2
0181.JPG,2
0182.JPG,2
0183.JPG,2
0184.JPG,2
0185.JPG,2
0186.JPG,2
0187.JPG,2
0188.JPG,2
0189.JPG,2
0190.JPG,2
0191.JPG,2
0192.JPG,2
0193.JPG,2
0194.JPG,2
0195.JPG,2
0196.JPG,2
0197.JPG,2
0198.JPG,2
0199.JPG,2
0200.JPG,3
0201.JPG,3
0202.JPG,3
0203.JPG,3
0204.JPG,3
0205.JPG,3
0206.JPG,3
0207.JPG,3
0208.JPG,3
0209.JPG,3
0210.JPG,3
0211.JPG,3
0212.JPG,3
0213.JPG,3
0214.JPG,3
0215.JPG,3
0216.JPG,3
0217.JPG,3
0218.JPG,3
0219.JPG,3
0220.JPG,3
0221.JPG,3
0222.JPG,3
0223.JPG,3
0224.JPG,3
0225.JPG,3
0226.JPG,3
0227.JPG,3
0228.JPG,3
0229.JPG,3
0230.JPG,3
0231.JPG,3
0232.JPG,3
0233.JPG,3
0234.JPG,3
0235.JPG,3
0236.JPG,3
0237.JPG,3
0238.JPG,3
0239.JPG,3
0240.JPG,3
0241.JPG,3
0242.JPG,3
0243.JPG,3
0244.JPG,3
0245.JPG,3
0246.JPG,3
0247.JPG,3
0248.JPG,3
0249.JPG,3
0250.JPG,3
0251.JPG,3
0252.JPG,3
0253.JPG,3
0254.JPG,3
0255.JPG,3
0256.JPG,3
0257.JPG,3
0258.JPG,3
0259.JPG,3
0260.JPG,3
0261.JPG,3
0262.JPG,3
0263.JPG,3
0264.JPG,3
0265.JPG,3
0266.JPG,3
0267.JPG,3
0268.JPG,3
0269.JPG,3
0270.JPG,3
0271.JPG,3
0272.JPG,3
0273.JPG,3
0274.JPG,3
0275.JPG,3
0276.JPG,3
0277.JPG,3
0278.JPG,3
0279.JPG,3
0280.JPG,3
0281.JPG,3
0282.JPG,3
0283.JPG,3
0284.JPG,3
0285.JPG,3
0286.JPG,3
0287.JPG,3
0288.JPG,3
0289.JPG,3
0290.JPG,3
0291.JPG,3
0292.JPG,3
0293.JPG,3
0294.JPG,3
0295.JPG,3
0296.JPG,3
0297.JPG,3
0298.JPG,3
0299.JPG,3
0300.JPG,4
0301.JPG,4
0302.JPG,4
0303.JPG,4
0304.JPG,4
0305.JPG,4
0306.JPG,4
0307.JPG,4
0308.JPG,4
0309.JPG,4
0310.JPG,4
0311.JPG,4
0312.JPG,4
0313.JPG,4
0314.JPG,4
0315.JPG,4
0316.JPG,4
0317.JPG,4
0318.JPG,4
0319.JPG,4
0320.JPG,4
0321.JPG,4
0322.JPG,4
0323.JPG,4
0324.JPG,4
0325.JPG,4
0326.JPG,4
0327.JPG,4
0328.JPG,4
0329.JPG,4
0330.JPG,4
0331.JPG,4
0332.JPG,4
0333.JPG,4
0334.JPG,4
0335.JPG,4
0336.JPG,4
0337.JPG,4
0338.JPG,4
0339.JPG,4
0340.JPG,4
0341.JPG,4
0342.JPG,4
0343.JPG,4
0344.JPG,4
0345.JPG,4
0346.JPG,4
0347.JPG,4
0348.JPG,4
0349.JPG,4
0350.JPG,4
0351.JPG,4
0352.JPG,4
0353.JPG,4
0354.JPG,4
0355.JPG,4
0356.JPG,4
0357.JPG,4
0358.JPG,4
0359.JPG,4
0360.JPG,4
0361.JPG,4
0362.JPG,4
0363.JPG,4
0364.JPG,4
0365.JPG,4
0366.JPG,4
0367.JPG,4
0368.JPG,4
0369.JPG,4
0370.JPG,4
0371.JPG,4
0372.JPG,4
0373.JPG,4
0374.JPG,4
0375.JPG,4
0376.JPG,4
0377.JPG,4
0378.JPG,4
0379.JPG,4
0380.JPG,4
0381.JPG,4
0382.JPG,4
0383.JPG,4
0384.JPG,4
0385.JPG,4
0386.JPG,4
0387.JPG,4
0388.JPG,4
0389.JPG,4
0390.JPG,4
0391.JPG,4
0392.JPG,4
0393.JPG,4
0394.JPG,4
0395.JPG,4
0396.JPG,4
0397.JPG,4
0398.JPG,4
0399.JPG,4
0400.JPG,1
0401.JPG,1
0402.JPG,1
0403.JPG,1
0404.JPG,1
0405.JPG,1
0406.JPG,1
0407.JPG,1
0408.JPG,1
0409.JPG,1
0410.JPG,1
0411.JPG,1
0412.JPG,1
0413.JPG,1
0414.JPG,1
0415.JPG,1
0416.JPG,1
0417.JPG,1
0418.JPG,1
0419.JPG,1
0420.JPG,1
0421.JPG,1
0422.JPG,1
0423.JPG,1
0424.JPG,1
0425.JPG,1
0426.JPG,1
0427.JPG,1
0428.JPG,1
0429.JPG,1
0430.JPG,1
0431.JPG,1
0432.JPG,1
0433.JPG,1
0434.JPG,1
0435.JPG,1
0436.JPG,1
0437.JPG,1
0438.JPG,1
0439.JPG,1
0440.JPG,1
0441.JPG,1
0442.JPG,1
0443.JPG,1
0444.JPG,1
0445.JPG,1
0446.JPG,1
0447.JPG,1
0448.JPG,1
0449.JPG,1
0450.JPG,1
0451.JPG,1
0452.JPG,1
0453.JPG,1
0454.JPG,1
0455.JPG,1
0456.JPG,1
0457.JPG,1
0458.JPG,1
0459.JPG,1
0460.JPG,1
0461.JPG,1
0462.JPG,1
0463.JPG,1
0464.JPG,1
0465.JPG,1
0466.JPG,1
0467.JPG,1
0468.JPG,1
0469.JPG,1
0470.JPG,1
0471.JPG,1
0472.JPG,1
0473.JPG,1
0474.JPG,1
0475.JPG,1
0476.JPG,1
0477.JPG,1
0478.JPG,1
0479.JPG,1
0480.JPG,1
0481.JPG,1
0482.JPG,1
0483.JPG,1
0484.JPG,1
0485.JPG,1
0486.JPG,1
0487.JPG,1
0488.JPG,1
0489.JPG,1
0490.JPG,1
0491.JPG,1
0492.JPG,1
0493.JPG,1
0494.JPG,1
0495.JPG,1
0496.JPG,1
0497.JPG,1
0498.JPG,1
0499.JPG,1
