20211213_160637.jpg,0
20211213_160639.jpg,0
20211213_160641.jpg,0
20211213_160643.jpg,0
20211213_160645.jpg,0
20211213_160646.jpg,0
20211213_160648.jpg,0
20211213_160650.jpg,0
20211213_160651.jpg,0
20211213_160653.jpg,0
20211213_160654.jpg,0
20211213_160655.jpg,0
20211213_160657.jpg,0
20211213_160659.jpg,0
20211213_160700.jpg,0
20211213_160702.jpg,0
20211213_160704.jpg,0
20211213_160706.jpg,0
20211213_160708.jpg,0
20211213_160709.jpg,0
20211213_160711.jpg,0
20211213_160713.jpg,0
20211213_160716.jpg,0
20211213_160718.jpg,0
20211213_160720.jpg,0
20211213_160725.jpg,0
20211213_160727.jpg,0
20211213_160729.jpg,0
20211213_160731.jpg,0
20211213_160734.jpg,0
20211213_160736.jpg,0
20211213_160738.jpg,0
20211213_160739.jpg,0
20211213_160741.jpg,0
20211213_160743.jpg,0
20211213_160745.jpg,0
20211213_160746.jpg,0
20211213_160748.jpg,0
20211213_160758.jpg,0
20211213_160807.jpg,0
20211213_160809.jpg,0
20211213_160811.jpg,0
20211213_160812.jpg,0
20211213_160815.jpg,0
20211213_160817.jpg,0
20211213_160819.jpg,0
20211213_160821.jpg,0
20211213_160823.jpg,0
20211213_160825.jpg,0
20211213_160826.jpg,0
20211213_160828.jpg,0
20211213_160829.jpg,0
20211213_160831.jpg,0
20211213_160832.jpg,0
20211213_160834.jpg,0
20211213_160836.jpg,0
20211213_160838.jpg,0
20211213_160839.jpg,0
20211213_160841.jpg,0
20211213_160843.jpg,0
20211213_160845.jpg,0
20211213_160846.jpg,0
20211213_160848.jpg,0
20211213_160850.jpg,0
20211213_160852.jpg,0
20211213_160853.jpg,0
20211213_160855.jpg,0
20211213_160856.jpg,0
20211213_160858.jpg,0
20211213_160900.jpg,0
20211213_160902.jpg,0
20211213_160903.jpg,0
20211213_160905.jpg,0
20211213_160907.jpg,0
20211213_160908.jpg,0
20211213_160910.jpg,0
20211213_160912.jpg,0
20211213_160914.jpg,0
20211213_160916.jpg,0
20211213_160918.jpg,0
20211213_160919.jpg,0
20211213_160921.jpg,0
20211213_160923.jpg,0
20211213_160925.jpg,0
20211213_160927.jpg,0
20211213_160929.jpg,0
20211213_160931.jpg,0
20211213_160933.jpg,0
20211213_160935.jpg,0
20211213_160937.jpg,0
20211213_160939.jpg,0
20211213_160941.jpg,0
20211213_160943.jpg,0
20211213_160945.jpg,0
20211213_160947.jpg,0
20211213_160949.jpg,0
20211213_160951.jpg,0
20211213_160953.jpg,0
20211213_160955.jpg,0
20211213_160957.jpg,0
20211213_161045.jpg,2
20211213_161047.jpg,2
20211213_161114.jpg,2
20211213_161116.jpg,2
20211213_161118.jpg,2
20211213_161120.jpg,2
20211213_161122.jpg,2
20211213_161123.jpg,2
20211213_161125.jpg,2
20211213_161127.jpg,2
20211213_161129.jpg,2
20211213_161132.jpg,2
20211213_161134.jpg,2
20211213_161136.jpg,2
20211213_161138.jpg,2
20211213_161140.jpg,2
20211213_161141.jpg,2
20211213_161143.jpg,2
20211213_161145.jpg,2
20211213_161147.jpg,2
20211213_161149.jpg,2
20211213_161151.jpg,2
20211213_161152.jpg,2
20211213_161154.jpg,2
20211213_161156.jpg,2
20211213_161158.jpg,2
20211213_161159.jpg,2
20211213_161201.jpg,2
20211213_161203.jpg,2
20211213_161204.jpg,2
20211213_161207.jpg,2
20211213_161208.jpg,2
20211213_161210.jpg,2
20211213_161212.jpg,2
20211213_161214.jpg,2
20211213_161216.jpg,2
20211213_161218.jpg,2
20211213_161220.jpg,2
20211213_161222.jpg,2
20211213_161225.jpg,2
20211213_161227.jpg,2
20211213_161229.jpg,2
20211213_161232.jpg,2
20211213_161234.jpg,2
20211213_161236.jpg,2
20211213_161238.jpg,2
20211213_161240.jpg,2
20211213_161242.jpg,2
20211213_161244.jpg,2
20211213_161245.jpg,2
20211213_161247.jpg,2
20211213_161248.jpg,2
20211213_161250.jpg,2
20211213_161252.jpg,2
20211213_161253.jpg,2
20211213_161255.jpg,2
20211213_161257.jpg,2
20211213_161258.jpg,2
20211213_161300.jpg,2
20211213_161302.jpg,2
20211213_161304.jpg,2
20211213_161306.jpg,2
20211213_161308.jpg,2
20211213_161310.jpg,2
20211213_161312.jpg,2
20211213_161314.jpg,2
20211213_161316.jpg,2
20211213_161318.jpg,2
20211213_161320.jpg,2
20211213_161322.jpg,2
20211213_161324.jpg,2
20211213_161326.jpg,2
20211213_161327.jpg,2
20211213_161329.jpg,2
20211213_161330.jpg,2
20211213_161332.jpg,2
20211213_161334.jpg,2
20211213_161336.jpg,2
20211213_161338.jpg,2
20211213_161339.jpg,2
20211213_161342.jpg,2
20211213_161344.jpg,2
20211213_161346.jpg,2
20211213_161347.jpg,2
20211213_161349.jpg,2
20211213_161351.jpg,2
20211213_161353.jpg,2
20211213_161356.jpg,2
20211213_161358.jpg,2
20211213_161400.jpg,2
20211213_161402.jpg,2
20211213_161405.jpg,2
20211213_161407.jpg,2
20211213_161409.jpg,2
20211213_161411.jpg,2
20211213_161413.jpg,2
20211213_161415.jpg,2
20211213_161416.jpg,2
20211213_161418.jpg,2
20211213_161419.jpg,2
20211213_161424.jpg,3
20211213_161426.jpg,3
20211213_161428.jpg,3
20211213_161430.jpg,3
20211213_161431.jpg,3
20211213_161433.jpg,3
20211213_161435.jpg,3
20211213_161437.jpg,3
20211213_161438.jpg,3
20211213_161440.jpg,3
20211213_161442.jpg,3
20211213_161444.jpg,3
20211213_161447.jpg,3
20211213_161449.jpg,3
20211213_161452.jpg,3
20211213_161454.jpg,3
20211213_161457.jpg,3
20211213_161459.jpg,3
20211213_161503.jpg,3
20211213_161505.jpg,3
20211213_161507.jpg,3
20211213_161511.jpg,3
20211213_161513.jpg,3
20211213_161515.jpg,3
20211213_161517.jpg,3
20211213_161519.jpg,3
20211213_161522.jpg,3
20211213_161525.jpg,3
20211213_161528.jpg,3
20211213_161531.jpg,3
20211213_161533.jpg,3
20211213_161535.jpg,3
20211213_161537.jpg,3
20211213_161540.jpg,3
20211213_161542.jpg,3
20211213_161545.jpg,3
20211213_161547.jpg,3
20211213_161549.jpg,3
20211213_161552.jpg,3
20211213_161554.jpg,3
20211213_161556.jpg,3
20211213_161558.jpg,3
20211213_161601.jpg,3
20211213_161602.jpg,3
20211213_161605.jpg,3
20211213_161607.jpg,3
20211213_161609.jpg,3
20211213_161612.jpg,3
20211213_161615.jpg,3
20211213_161617.jpg,3
20211213_161618.jpg,3
20211213_161620.jpg,3
20211213_161621.jpg,3
20211213_161623.jpg,3
20211213_161624.jpg,3
20211213_161626.jpg,3
20211213_161628.jpg,3
20211213_161630.jpg,3
20211213_161631.jpg,3
20211213_161633.jpg,3
20211213_161635.jpg,3
20211213_161637.jpg,3
20211213_161638.jpg,3
20211213_161641.jpg,3
20211213_161643.jpg,3
20211213_161645.jpg,3
20211213_161647.jpg,3
20211213_161650.jpg,3
20211213_161652.jpg,3
20211213_161655.jpg,3
20211213_161657.jpg,3
20211213_161700.jpg,3
20211213_161702.jpg,3
20211213_161704.jpg,3
20211213_161706.jpg,3
20211213_161707.jpg,3
20211213_161714.jpg,3
20211213_161716.jpg,3
20211213_161717.jpg,3
20211213_161719.jpg,3
20211213_161721.jpg,3
20211213_161723.jpg,3
20211213_161725.jpg,3
20211213_161727.jpg,3
20211213_161728.jpg,3
20211213_161730.jpg,3
20211213_161732.jpg,3
20211213_161735.jpg,3
20211213_161738.jpg,3
20211213_161740.jpg,3
20211213_161742.jpg,3
20211213_161745.jpg,3
20211213_161747.jpg,3
20211213_161749.jpg,3
20211213_161932.jpg,3
20211213_161937.jpg,3
20211213_161939.jpg,3
20211213_161940.jpg,3
20211213_161942.jpg,3
20211213_161943.jpg,3
20211213_161951.jpg,4
20211213_161953.jpg,4
20211213_161954.jpg,4
20211213_161956.jpg,4
20211213_161958.jpg,4
20211213_162001.jpg,4
20211213_162002.jpg,4
20211213_162005.jpg,4
20211213_162011.jpg,4
20211213_162013.jpg,4
20211213_162014.jpg,4
20211213_162015.jpg,4
20211213_162017.jpg,4
20211213_162019.jpg,4
20211213_162021.jpg,4
20211213_162022.jpg,4
20211213_162024.jpg,4
20211213_162026.jpg,4
20211213_162028.jpg,4
20211213_162030.jpg,4
20211213_162032.jpg,4
20211213_162034.jpg,4
20211213_162036.jpg,4
20211213_162039.jpg,4
20211213_162041.jpg,4
20211213_162043.jpg,4
20211213_162045.jpg,4
20211213_162047.jpg,4
20211213_162049.jpg,4
20211213_162051.jpg,4
20211213_162053.jpg,4
20211213_162055.jpg,4
20211213_162057.jpg,4
20211213_162059.jpg,4
20211213_162102.jpg,4
20211213_162104.jpg,4
20211213_162106.jpg,4
20211213_162108.jpg,4
20211213_162110.jpg,4
20211213_162112.jpg,4
20211213_162115.jpg,4
20211213_162117.jpg,4
20211213_162119.jpg,4
20211213_162121.jpg,4
20211213_162124.jpg,4
20211213_162126.jpg,4
20211213_162128.jpg,4
20211213_162130.jpg,4
20211213_162133.jpg,4
20211213_162134.jpg,4
20211213_162136.jpg,4
20211213_162139.jpg,4
20211213_162141.jpg,4
20211213_162143.jpg,4
20211213_162146.jpg,4
20211213_162148.jpg,4
20211213_162151.jpg,4
20211213_162153.jpg,4
20211213_162155.jpg,4
20211213_162158.jpg,4
20211213_162200.jpg,4
20211213_162202.jpg,4
20211213_162204.jpg,4
20211213_162207.jpg,4
20211213_162210.jpg,4
20211213_162212.jpg,4
20211213_162214.jpg,4
20211213_162216.jpg,4
20211213_162219.jpg,4
20211213_162221.jpg,4
20211213_162223.jpg,4
20211213_162225.jpg,4
20211213_162229.jpg,4
20211213_162233.jpg,4
20211213_162235.jpg,4
20211213_162237.jpg,4
20211213_162239.jpg,4
20211213_162242.jpg,4
20211213_162245.jpg,4
20211213_162249.jpg,4
20211213_162252.jpg,4
20211213_162254.jpg,4
20211213_162256.jpg,4
20211213_162258.jpg,4
20211213_162300.jpg,4
20211213_162302.jpg,4
20211213_162303.jpg,4
20211213_162305.jpg,4
20211213_162307.jpg,4
20211213_162309.jpg,4
20211213_162311.jpg,4
20211213_162313.jpg,4
20211213_162315.jpg,4
20211213_162317.jpg,4
20211213_162318.jpg,4
20211213_162322.jpg,4
20211213_162324.jpg,4
20211213_162326.jpg,4
20211213_162328.jpg,4
20211213_162330.jpg,4
20211213_162346.jpg,1
20211213_162348.jpg,1
20211213_162350.jpg,1
20211213_162352.jpg,1
20211213_162354.jpg,1
20211213_162356.jpg,1
20211213_162359.jpg,1
20211213_162402.jpg,1
20211213_162404.jpg,1
20211213_162406.jpg,1
20211213_162408.jpg,1
20211213_162411.jpg,1
20211213_162413.jpg,1
20211213_162416.jpg,1
20211213_162418.jpg,1
20211213_162420.jpg,1
20211213_162422.jpg,1
20211213_162425.jpg,1
20211213_162427.jpg,1
20211213_162429.jpg,1
20211213_162431.jpg,1
20211213_162433.jpg,1
20211213_162435.jpg,1
20211213_162438.jpg,1
20211213_162440.jpg,1
20211213_162443.jpg,1
20211213_162511.jpg,1
20211213_162513.jpg,1
20211213_162515.jpg,1
20211213_162517.jpg,1
20211213_162519.jpg,1
20211213_162522.jpg,1
20211213_162524.jpg,1
20211213_162526.jpg,1
20211213_162528.jpg,1
20211213_162530.jpg,1
20211213_162532.jpg,1
20211213_162535.jpg,1
20211213_162537.jpg,1
20211213_162539.jpg,1
20211213_162541.jpg,1
20211213_162543.jpg,1
20211213_162546.jpg,1
20211213_162549.jpg,1
20211213_162551.jpg,1
20211213_162553.jpg,1
20211213_162555.jpg,1
20211213_162557.jpg,1
20211213_162559.jpg,1
20211213_162601.jpg,1
20211213_162603.jpg,1
20211213_162617.jpg,1
20211213_162619.jpg,1
20211213_162621.jpg,1
20211213_162623.jpg,1
20211213_162626.jpg,1
20211213_162628.jpg,1
20211213_162630.jpg,1
20211213_162632.jpg,1
20211213_162634.jpg,1
20211213_162636.jpg,1
20211213_162638.jpg,1
20211213_162639.jpg,1
20211213_162641.jpg,1
20211213_162643.jpg,1
20211213_162644.jpg,1
20211213_162646.jpg,1
20211213_162651.jpg,1
20211213_162654.jpg,1
20211213_162656.jpg,1
20211213_162658.jpg,1
20211213_162659.jpg,1
20211213_162701.jpg,1
20211213_162703.jpg,1
20211213_162706.jpg,1
20211213_162708.jpg,1
20211213_162710.jpg,1
20211213_162716.jpg,1
20211213_162718.jpg,1
20211213_162721.jpg,1
20211213_162723.jpg,1
20211213_162726.jpg,1
20211213_162728.jpg,1
20211213_162732.jpg,1
20211213_162734.jpg,1
20211213_162736.jpg,1
20211213_162739.jpg,1
20211213_162741.jpg,1
20211213_162749.jpg,1
20211213_162752.jpg,1
20211213_162756.jpg,1
20211213_162804.jpg,1
20211213_162806.jpg,1
20211213_162808.jpg,1
20211213_162810.jpg,1
20211213_162812.jpg,1
20211213_162813.jpg,1
20211213_162815.jpg,1
20211213_162817.jpg,1
20211213_162819.jpg,1
